month,last_record_date,customs_deposits_mtd_musd,cbp_withdrawals_mtd_musd
2024-01,2024-01-31,7964,818
2024-02,2024-02-29,7881,767
2024-03,2024-03-29,7440,894
2024-04,2024-04-30,7744,879
2024-05,2024-05-31,7715,1169
2024-06,2024-06-28,7565,735
2024-07,2024-07-31,8660,833
2024-08,2024-08-30,8907,922
2024-09,2024-09-30,8798,859
2024-10,2024-10-31,8965,863
2024-11,2024-11-29,8378,898
2024-12,2024-12-31,8283,1069
2025-01,2025-01-31,8964,887
2025-02,2025-02-28,8932,640
2025-03,2025-03-31,9618,892
2025-04,2025-04-30,17431,978
2025-05,2025-05-30,23968,815
2025-06,2025-06-30,28022,875
2025-07,2025-07-31,29632,910
2025-08,2025-08-29,31368,796
2025-09,2025-09-30,31676,1166
2025-10,2025-10-31,34244,1915
2025-11,2025-11-28,32864,1069
2025-12,2025-12-31,30376,1808
2026-01,2026-01-30,30466,2111
2026-02,2026-02-27,28613,1368
2026-03,2026-03-31,25099,2957
2026-04,2026-04-30,24775,3047
2026-05,2026-05-29,23549,23328
2026-06,2026-06-30,24830,51013
2026-07,2026-07-31,26134,35541
2026-08,2026-08-31,25001,12453
2026-09,2026-09-24,25105,19750
