month,IR4,IR400,IR1,IR2,IR3,IREXFUELS,IREXFDFLS,CHNTOT,ASEANTOT,EECTOT,JPNTOT,MEXTOT,DTWEXBGS,DEXCHUS,DCOILBRENTEU,PCOTTINDUSDM,CUSR0000SACL1E,CPIAPPSL,CUSR0000SEAE,PCU452452,PCU424424,PCU423423,PCU448448,PCU42434243,PCU449449
2023-01,110,118.5,255.4,93.6,117.7,128.1,108.7,103.7,103.6,154.5,101.2,141.7,119.81,6.79,82.5,100.311,166.187,129.43,143.593,154.189,200.981,194.163,142.666,93.659,108.969
2023-02,110.5,118.4,250.3,93.8,117.7,128.6,109,103.6,103.6,155.2,101,141.8,120.308,6.838,82.59,99.43,166.408,130.239,144.555,151.872,201.193,194.393,157.547,100.148,107.25
2023-03,110.2,118.3,244,93.7,117.5,128,108.6,103.1,103.3,154.6,100.6,141.5,120.745,6.891,78.43,95.391,166.755,130.426,144.273,155.866,198.144,197.595,157.812,94.737,108.085
2023-04,110.3,118.5,247.8,93.7,117.6,127.9,108.6,102.7,103.3,155.3,101,142.6,119.245,6.888,84.64,95.132,167.495,130.573,144.811,155.441,204.175,199.142,149.345,100.485,104.05
2023-05,110.4,118.5,243,93.7,118,127.9,108.6,102.4,102.5,155.8,100.8,142.5,119.629,6.985,75.47,93.885,168.261,131.003,144.999,156.93,203.679,201.468,150.805,96.682,102.602
2023-06,110.1,118.4,242,93.6,117.9,127.5,108.2,102,102,155.6,100.8,143.2,119.297,7.161,74.84,92.418,168.061,131.118,144.92,155.466,204.639,198.607,143.828,98.697,105.109
2023-07,109.8,118.4,240.9,93.5,118.6,127.4,108,101.7,101.6,156,101.3,145.8,118.049,7.186,80.11,93.269,167.462,131.352,144.152,153.534,213.092,203.296,138,96.863,104.187
2023-08,109.8,118.3,247.2,93.4,118.6,127.2,107.7,101.7,101.3,156.5,101.3,146.5,119.856,7.249,86.15,95.996,167.037,131.16,145.436,152.664,211.018,202.486,147.094,102.717,103.67
2023-09,109.8,118.2,252.2,93.4,118.7,126.9,107.5,101.5,101.2,155.8,101.4,146.7,121.645,7.298,93.72,97.769,166.558,130.338,145.66,152.882,208.779,194.692,159.568,105.754,104.077
2023-10,109.5,118.2,247.3,93.2,119.2,126.7,107.3,101.4,101.2,155.3,101.5,144.9,123.497,7.307,90.6,95.686,166.697,131.274,145.644,153.138,212.582,199.54,160.633,107.239,105.768
2023-11,109.5,118.3,241.5,93.2,119.1,126.8,107.4,101.1,100.7,155,101.6,144.7,121.222,7.223,82.94,90.432,166.254,130.099,145.263,149.516,212.747,205.932,154.097,107.882,104.486
2023-12,109.4,118.3,235,93.1,119.1,126.9,107.4,101,100.1,155.6,101.5,144.2,119.833,7.14,77.63,90.407,166.117,129.942,144.848,150.634,210.418,200.153,157.032,99.917,102.365
2024-01,110.6,118.3,236.2,93.5,120,127.7,108.1,100.6,100,157.3,102.7,146.1,120.227,7.171,80.12,92.107,165.637,129.685,143.856,153.249,209.236,205.735,144.09,99.018,103.088
2024-02,111,118.3,236.3,93.7,120.1,127.8,108.2,100.5,99.8,157.7,102.2,146.7,121.066,7.194,83.48,99.352,165.903,130.309,145.668,155.478,208.978,206.428,158.163,95.12,105.845
2024-03,110.6,118.2,242.1,93.5,120.3,128.1,108.2,100.5,100.1,157.8,101.2,147.7,120.659,7.202,85.41,99.564,165.775,130.956,146.376,158.614,209.909,205.563,160.663,102.555,102.403
2024-04,110.8,118.2,250,93.6,120.8,128.9,108.9,100.5,100.7,158.6,101,148.5,122.143,7.237,89.94,90.602,165.598,132.237,146.747,159.842,209.603,207.509,156.854,96.937,103.018
2024-05,110.9,118.2,249.8,93.5,120.8,128.6,108.8,100.5,100.3,158.9,101.1,147.7,121.858,7.233,81.75,85.889,165.375,132.027,146.571,160.803,212.444,207.132,154.119,97.557,104.013
2024-06,110.7,118.2,249.3,93.6,120.9,128.9,109,100.5,99.6,159,101,148,123.71,7.255,82.25,83.24,165.079,131.956,145.966,160.568,218.613,205.638,149.339,98.356,104.11
2024-07,110.6,118.2,249,93.6,121.5,129.1,109,100.4,99.9,158.5,101.1,149.6,123.382,7.261,85.15,81.383,164.669,131.569,145.624,158.356,215.293,206.745,138.512,98.193,104.828
2024-08,110.5,118.2,245.4,93.7,121.7,129.1,109,100.4,100,158.8,101.2,149.7,122.614,7.147,80.36,79.927,164.399,131.415,144.181,156.886,215.157,210.594,148.118,96.399,104.721
2024-09,110.7,118.1,240.6,93.9,121.9,129.4,109.3,100.4,100.3,158.7,101.3,149.5,121.885,7.076,74.02,82.557,164.634,132.539,145.521,157.534,217.575,203.617,156.595,102.821,104.483
2024-10,110.8,118,241.6,94,122.2,129.7,109.6,100.4,100.9,158.8,101.6,148.8,123.595,7.088,75.63,83.693,164.698,131.741,146.753,160.272,215.992,211.357,155.122,105.368,101.445
2024-11,110.8,118,242.2,93.8,122,129.8,109.5,100.4,100.5,158.7,101.4,149.4,126.311,7.206,74.35,81.552,165.018,131.692,146.394,156.434,220.496,204.136,155.286,103.434,98.89
2024-12,110.7,118,242.8,93.4,121.9,129.8,109.3,100.3,100.5,158.5,101.2,150.2,127.576,7.281,73.86,79.905,165.006,131.568,145.821,158.414,219.286,205.844,153.192,100.271,98.608
2025-01,110.3,117.7,246.3,93.5,121.8,129.8,109.3,99.9,101,157,101.9,150.1,128.837,7.296,79.27,78.237,165.508,130.436,145.336,162.271,216.329,212.923,143.407,99.598,97.048
2025-02,110.1,117.6,249.7,93.4,121.8,130,109.4,99.8,100.9,157.6,102.3,150.7,127.876,7.273,75.44,78.097,165.832,131.095,145.325,159.544,219.148,209.868,156.909,98.336,99.727
2025-03,109.6,116.5,246.6,93.6,121.7,129.9,109.3,99.3,100.9,157.1,102.2,150.1,126.243,7.249,72.73,77.638,165.719,131.388,145.202,156.422,224.549,216.16,160.461,101.824,98.713
2025-04,109.8,115.5,244.9,94.2,121.6,130.3,109.7,98.5,102.8,157,102.1,149.6,124.14,7.297,68.13,78.282,165.87,131.201,144.751,160.555,216.431,214.244,160.441,98.085,100.146
2025-05,109.5,114.1,240.8,94.4,121.2,130.2,109.7,97.7,102.6,157.6,102,149.4,122.342,7.217,64.45,77.989,165.807,130.782,144.288,164.289,217.716,216.91,159.349,97.741,100.877
2025-06,109.5,115.2,240.2,94.5,121,129.8,109.5,97.6,102,157.5,102.1,149.5,120.594,7.18,71.44,78.19,166.114,131.214,145.244,164.517,218.045,220.692,158.737,99.835,101.023
2025-07,109.7,116,242.7,94.6,120.8,130,109.6,96.9,102,158.3,102.4,150.4,120.113,7.174,71.04,78.907,166.468,131.354,146.911,167.081,221.992,225.891,146.924,101.513,103.941
2025-08,110.1,116.6,242.1,95,120.2,129.8,109.8,97,102.8,158.6,102.4,150.4,120.576,7.173,67.87,78.574,166.838,131.694,146.261,167.299,217.768,220.504,156.899,102.956,100.128
2025-09,110.1,117.3,241.2,94.9,120.3,129.8,109.8,97.1,102.6,159,103,150.2,120.029,7.123,67.99,77.977,167.17,132.411,147.387,166.491,223.485,224.237,161.48,107.228,104.201
2025-10,,,,,,,,,,,,,120.762,7.12,64.54,75.984,,,,168.772,224.918,219.075,169.124,108.668,104.374
2025-11,110.2,115.8,242.8,95.1,120,130.5,110.3,97.1,102.9,158.3,103.1,149.8,121.418,7.107,63.8,75.28,167.272,131.883,146.205,164.378,225.037,221.682,160.071,106.05,105.347
2025-12,110.2,114.7,244.3,95.1,120,130.8,110.6,97.2,102.8,158.8,102.6,150.2,120.188,7.043,62.54,74.066,167.325,132.317,147.385,168.124,223.611,230.184,158.296,97.994,105.837
2026-01,110.2,113.9,247.2,95.7,120.3,131.7,111.4,97.3,101.8,159.4,102.7,150.7,119.23,6.969,66.6,74.486,167.394,132.723,148.176,176.094,232.004,231.92,147.198,97.817,103.632
2026-02,110.4,114,252.9,96.9,120.4,132.8,112.4,97.5,102.6,160.4,103.1,151,117.906,6.906,70.89,73.96,167.53,134.419,147.479,176.355,229.288,230.254,154.321,103.705,104.569
2026-03,110.6,113.7,259.9,97.5,120.4,133.1,112.5,97.9,102.9,161.2,103.1,152.7,119.92,6.892,103.13,76.939,167.71,135.804,148.731,175.728,230.792,230.575,161.921,100.673,105.968
2026-04,111.9,113.8,279.4,98.4,120.4,134.3,113.6,97.7,103,163.6,103.7,154.6,119.036,6.837,117.29,85.582,167.767,136.67,150.8,177.52,231.994,228.811,156.358,100.409,104.697
2026-05,112.3,114.6,294.1,99.6,120.6,135.2,114.4,98.1,102.9,164.7,104,154.5,118.779,6.8,107.14,92.093,167.575,137.069,151.74,180.664,225.965,228.32,154.54,105.754,105.906
2026-06,112.2,115.9,290.3,100,120.6,135.4,114.6,98.5,103,163.8,103.5,154,120.083,6.776,85.4,86.293,167.431,136.313,151.231,175.855,235.868,232.842,153.012,102.638,104.849
2026-07,112.1,117.2,281.1,101,121.2,135.8,115,98.9,104.7,163.6,103.3,153.6,120.597,6.776,83.76,88.775,167.762,136.434,151.944,177.431,232.381,235.112,141.169,108.889,112.086
2026-08,112.7,119.1,284.4,101.9,121.2,136.9,115.9,99.9,105.5,165.1,103.5,153.8,118.851,6.736,91.08,,167.939,136.457,151.55,177.381,237.309,236.342,148.235,105.768,110.466
