name,value,unit,source
refund_receivable,139.5,usd_m,"10-Q Q2 FY27 Note 12: receivable recorded Q1 FY27"
refund_cogs_h1,126.4,usd_m,"10-Q Q2 FY27 Note 12: reduction in cost of goods sold, six months to 31 Jul 2026"
refund_cogs_q2,6.8,usd_m,"10-Q Q2 FY27 segment note: three months to 31 Jul 2026"
refund_inventory,13.6,usd_m,"10-Q Q2 FY27 Note 12: reduction in inventory carrying value"
refund_excluded_q1,102.681,usd_m,"Q1 FY27 release (8-K 5 Jun 2026): excluded from non-GAAP"
refund_excluded_q2,0.122,usd_m,"Q2 FY27 release (8-K 2 Sep 2026): excluded from non-GAAP"
refund_cash_received,129.7,usd_m,"10-Q Q2 FY27"
refund_interest_received,4.2,usd_m,"10-Q Q2 FY27"
refund_outstanding_phase2,9.8,usd_m,"10-Q Q2 FY27 liquidity section"
q1_sales,536.0,usd_m,"Q1 FY27 release"
q1_adj_gm,45.7,pct,"Q1 FY27 release"
q1_prior_gm,42.2,pct,"Q1 FY27 release"
q2_sales,554.093,usd_m,"Q2 FY27 release"
q2_nongaap_eps,0.26,usd,"Q2 FY27 release"
q2_guide_low,0.15,usd,"Q1 FY27 release: Q2 guidance"
q2_guide_high,0.25,usd,"Q1 FY27 release: Q2 guidance"
q2_diluted_shares,44.338,m,"Q2 FY27 release"
nongaap_tax,0.322,share,"Q2 FY27 release: FY27 non-GAAP tax rate"
fy27_gaap_eps_low,4.10,usd,"Q2 FY27 release"
fy27_gaap_eps_high,4.20,usd,"Q2 FY27 release"
fy27_ng_eps_low,2.20,usd,"Q2 FY27 release"
fy27_ng_eps_high,2.30,usd,"Q2 FY27 release"
fy27_ng_ni_low,97.0,usd_m,"Q2 FY27 release"
fy27_ng_ni_high,101.0,usd_m,"Q2 FY27 release"
fy27_refund_eps_excluded,2.33,usd,"Q2 FY27 release reconciliation"
fy26_ng_eps,2.61,usd,"Q2 FY27 release"
cash_jul26,529.19,usd_m,"Q2 FY27 release"
cash_jul25,301.778,usd_m,"Q2 FY27 release"
mj_investment,500,usd_m,"8-K 2 Sep 2026: approximately $500 million"
mj_sales,360,usd_m,"Q2 FY27 call (Goldfarb): approximately $360 million in global sales this year"
ck_tommy_fy28_loss,370,usd_m,"Q2 FY27 call (Nackman): approximately $370 million will not recur next year"
fy27_sales,2710,usd_m,"Q2 FY27 release"
equity_jul26,1819.114,usd_m,"Q2 FY27 release"
trademarks_fy26,638.909,usd_m,"10-K FY26"
shares_out,42.189,m,"10-K FY26 cover, 20 Mar 2026"
price,27.13,usd,"Nasdaq close 28 Sep 2026"
mcap,1163.2,usd_m,"Nasdaq 29 Sep 2026"
consensus_fy28,2.44,usd,"Nasdaq earnings forecast, 1 estimate, 29 Sep 2026"
consensus_fy27,2.25,usd,"Nasdaq earnings forecast, 1 estimate"
street_target,36,usd,"Nasdaq consensus target (32-40), 2 Buy 1 Hold"
