month,gross_musd,refunds_musd,net_musd,fytd_gross_musd,fytd_refunds_musd,fytd_net_musd,prior_fytd_gross_musd,prior_fytd_refunds_musd,prior_fytd_net_musd
2025-09,30493,818,29675,202357,7492,194866,83772,6735,77037
2025-10,33090,1737,31354,33090,1737,31354,7948,651,7297
2025-11,31733,977,30756,64824,2714,62109,15322,1313,14009
2025-12,29334,1442,27892,94158,4156,90002,22709,1886,20824
2026-01,29545,1803,27742,123703,5958,117744,30589,2424,28165
2026-02,27169,575,26594,150872,6534,144338,38265,2853,35412
2026-03,24017,1862,22155,174889,8396,166493,47014,3434,43580
2026-04,23875,1751,22124,198764,10147,188617,63317,4103,59214
2026-05,21930,21972,-42,220693,32119,188575,86138,4752,81386
2026-06,23628,49183,-25556,244321,81302,163019,113292,5275,108018
2026-07,24835,33381,-8546,269156,114683,154473,141733,6045,135688
2026-08,23377,10541,12836,292533,125225,167308,171865,6674,165191
