month,gross_musd,refunds_musd,net_musd
2024-09,7729,480,7249
2024-10,7948,651,7297
2024-11,7374,662,6712
2024-12,7387,573,6814
2025-01,7880,539,7341
2025-02,7675,429,7247
2025-03,8749,581,8168
2025-04,16303,669,15634
2025-05,22821,648,22173
2025-06,27155,523,26632
2025-07,28440,770,27670
2025-08,30132,629,29503
2025-09,30493,818,29675
2025-10,33090,1737,31354
2025-11,31733,977,30756
2025-12,29334,1442,27892
2026-01,29545,1803,27742
2026-02,27169,575,26594
2026-03,24017,1862,22155
2026-04,23875,1751,22124
2026-05,21930,21972,-42
2026-06,23628,49183,-25556
2026-07,24835,33381,-8546
2026-08,23377,10541,12836
