quarter,wholesale_trade,retail_trade,manufacturing,motor_vehicles_parts,domestic_nonfinancial,domestic_nonfinancial_with_ccadj
2024Q1,292.0,394.5,664.5,13.5,2822.6,2565.0
2024Q2,295.7,398.4,721.2,27.8,2919.1,2656.6
2024Q3,291.7,420.9,703.6,18.7,2928.5,2661.7
2024Q4,296.0,422.6,727.8,15.6,2974.8,2704.6
2025Q1,266.5,390.2,591.1,-9.8,2644.2,2667.8
2025Q2,218.1,403.0,648.6,-17.7,2652.8,2680.8
2025Q3,206.2,402.6,704.7,-5.3,2761.9,2758.7
2025Q4,229.6,415.8,759.6,7.0,2850.7,2827.8
2026Q1,262.5,422.2,773.3,9.6,3034.1,2971.1
2026Q2,,,,,3357.7,3280.7
