month,import_price_ex_fuel_IREXFUELS,broad_dollar_DTWEXBGS_monthly_avg,core_goods_cpi_CUSR0000SACL1E
2024-06,128.9,123.7095,165.079
2024-07,129.1,123.3824,164.669
2024-08,129.1,122.6137,164.399
2024-09,129.4,121.8849,164.634
2024-10,129.7,123.5953,164.698
2024-11,129.8,126.3113,165.018
2024-12,129.8,127.5758,165.006
2025-01,129.8,128.8370,165.508
2025-02,130.0,127.8758,165.832
2025-03,129.9,126.2430,165.719
2025-04,130.3,124.1402,165.870
2025-05,130.2,122.3422,165.807
2025-06,129.8,120.5939,166.114
2025-07,130.0,120.1127,166.468
2025-08,129.8,120.5758,166.838
2025-09,129.8,120.0291,167.170
2025-10,,120.7618,
2025-11,130.5,121.4177,167.272
2025-12,130.8,120.1883,167.325
2026-01,131.7,119.2298,167.394
2026-02,132.8,117.9060,167.530
2026-03,133.1,119.9199,167.710
2026-04,134.3,119.0363,167.767
2026-05,135.2,118.7792,167.575
2026-06,135.4,120.0834,167.431
2026-07,135.8,120.5970,167.762
2026-08,136.9,118.8512,167.939
