ticker,company,refund_musd,basis,note
GIII,G-III Apparel,139.5,principal,prior-year portion excluded from non-GAAP $102.8m = duty expensed FY2025 (exact)
TGT,Target,994,recognized,reduction of cost of sales
NKE,Nike,986,COGS benefit,$302m received + $684m receivable
GAP,Gap,512,claims submitted,gross before ~$95m shared with vendors
DLTR,Dollar Tree,379,claims submitted,$369m received + $14m interest
TJX,TJX,490,IEEPA tariffs paid (estimate),~$490m paid; $331m received in Q2
WSM,Williams-Sonoma,197.8,filed,$200.2m collected incl. interest
AEO,American Eagle,192,IEEPA tariffs paid,~$192m paid; $68.9m of the claims sold for $18.6m; $189.3m refunds received
KSS,Kohl's,190,IEEPA tariffs paid,~$190m paid; ~$185m claimed; ~$150m received
FIVE,Five Below,163.6,COGS portion,excludes $5.9m interest
VFC,VF Corp,149.7,receivable,at Mar 2026
LULU,lululemon,134.5,gross profit benefit,
FBIN,Fortune Brands,122.1,receivable,$104.2m COGS + $17.9m inventory
SWK,Stanley Black & Decker,118,Phase 1 only,lower bound
TPR,Tapestry,114.7,probable refund,$96.2m COGS
ANF,Abercrombie & Fitch,100,recognized,excludes $3m interest
NWL,Newell Brands,100,2025 tariffs,excludes $38m for 2026
DORM,Dorman Products,98.1,recorded,
URBN,Urban Outfitters,95.7,one-time benefit,
MAS,Masco,95,net tariff benefit,
BBWI,Bath & Body Works,85,incl. interest,
ASO,Academy Sports,83.7,received,also remitted claims under a liability (lower bound)
PII,Polaris,83,receivable,
LOW,Lowe's,80,recognized,
COLM,Columbia Sportswear,78,incl. interest,
GNRC,Generac,71,COGS,
GEHC,GE HealthCare,106,2025 tariffs,excludes $23m other benefits
BAX,Baxter,75,COGS,
ZBRA,Zebra Technologies,73,pretax benefit,
MTD,Mettler-Toledo,52.4,one-time benefit,separately committed $27.8m to customers
CAH,Cardinal Health,200,receivable,expects to return part to customers
UFPI,UFP Industries,23,if collected,~$11m owed to customers
WMT,Walmart,2900,received,substantially all refunds requested
HD,Home Depot,730,received,vast majority of expected refunds
ROST,Ross Stores,253,recognized,benefit in cost of sales
M,Macy's,116,received,all expected refunds
BBY,Best Buy,75,refunded,$34m Q2 + $41m Sep 2
DDS,Dillard's,37.2,recognized,
OLLI,Ollie's,29.4,recognized,
BURL,Burlington,55.5,benefit,six months
