use,company,ticker,amount_musd,what_the_filing_says
suppliers,Gap,GAP,95,"""commitment of appreciation for certain vendors of approximately $95 million"" against $512m of claims"
suppliers,Williams-Sonoma,WSM,47.5,"provision to reimburse merchandise vendors that previously provided tariff-related concessions"
suppliers,VF Corp,VFC,37.6,"liability for the portion of the refund VF has committed to reimburse certain vendors and partners"
suppliers,Kohl's,KSS,,"a portion of the refund was shared with our vendor partners (no figure)"
employees,TJX,TJX,112,"incremental expenses for year-end incentive compensation and discretionary bonuses, net benefit $219m"
employees,Williams-Sonoma,WSM,10,"one-time tariff-related employee recognition cost in the form of a discretionary 401(k) contribution"
claim buyers,Academy Sports,ASO,72.2,"sold a portion of the rights for $10.5m in 2025; remitted $72.2m after the refunds arrived"
claim buyers,American Eagle,AEO,68.9,"buyer purchased $68.9m of the $192m claims for $18.6m in cash"
claim buyers,Xerox,XRX,80,"recognized as a receivable and subsequently sold for $80 million in cash"
claim buyers,Designer Brands,DBI,18.3,"remitted to an investor"
customers (contract),FedEx,FDX,749,"estimated customer refund obligations for cash refunds received"
customers (contract),UPS,UPS,500,"approved refunds held as a liability; charges generally passed through under contract terms"
customers (contract),Medline,MDLN,89,"accrued customer repayments"
customers (contract),Vishay,VSH,30,"will be passed through to customers"
customers (contract),Mettler-Toledo,MTD,27.8,"committed to customers"
customers (contract),Power Solutions,PSIX,22.7,"full amount held as tariff refund liability"
customers (contract),UFP Industries,UFPI,11,"about $11m of $23m must be refunded to customers"
shelf prices,Dollar General,DG,,"reinvested a substantial portion of the refunds ... through targeted promotional activities and lower everyday prices (no figure)"
shelf prices,Walmart,WMT,,"gross profit rate up 96bp, primarily tariff refunds, partially offset by price investments and higher fuel costs (no figure)"
