company,ticker,refund_musd,treatment,market_value_musd,market_value_date,filing
Nike,NKE,986.0,"Cost of sales; $302m received, $684m receivable",54240,2026-09-29,10-K fiscal year ended 31 May 2026
Gap,GAP,512.0,"Cost of sales net $417m after about $95m shared with vendors",8070,2026-09-25,10-Q quarter ended 1 Aug 2026
Williams-Sonoma,WSM,197.8,"$200.2m collected including interest",27330,2026-09-29,10-Q quarter ended 2 Aug 2026
Five Below,FIVE,169.5,"$163.6m cost of sales plus $5.9m interest",12577,2026-09-25,10-Q quarter ended 1 Aug 2026
VF Corp,VFC,149.7,"Receivable; $57m received 20 Apr 2026",5726,2026-09-29,10-Q
Fortune Brands,FBIN,122.1,"Receivable, probable and estimable; $104.2m cost of sales, $17.9m inventory",4622,2026-09-29,10-Q quarter ended 27 Jun 2026
Capri,CPRI,65.0,"Recognized",1688,2026-09-29,10-Q
Genesco,GCO,21.8,"Received",380.9,2026-09-29,10-Q
Cato,CATO,5.7,"Cost of sales",48.0,2026-09-29,10-Q
