ticker,company,q2_2024_end,rev_2024,gp_2024,q2_2025_end,rev_2025,gp_2025,q2_2026_end,rev_2026,gp_2026,refund_in_cogs_musd,refund_note
WMT,Walmart,2024-07-31,167767,40957,2025-07-31,175750,42979,2026-07-31,186100,47296,2900,"~$2.9bn received, recorded as reduction to cost of sales (GP = revenue incl. membership minus cost of sales)"
TGT,Target,2024-08-03,25452,7626,2025-08-02,25211,7308,2026-08-01,26539,8936,994,"reduction of cost of sales"
HD,Home Depot,2024-07-28,43175,14416,2025-08-03,45277,15125,2026-08-02,47861,16115,685,"$730m received; $685m in COGS, rest to inventory"
LOW,Lowe's,2024-08-02,23586,7895,2025-08-01,23959,8101,2026-07-31,25956,8577,80,"~$80m recognized in earnings (assumed cost of sales)"
TJX,TJX,2024-08-03,13468,4088,2025-08-02,14401,4425,2026-08-01,15180,5072,331,"in cost of sales; $112m incentive comp accrued against it (COGS and SG&A)"
ROST,Ross Stores,2024-08-03,5288,1496,2025-08-02,5529,1527,2026-08-01,6265,2120,253,"~$253m in cost of sales"
GAP,Gap,2024-08-03,3720,1583,2025-08-02,3725,1536,2026-08-01,3651,1929,417,"net $417m in COGS: $512m refunds less ~$95m committed to vendors"
DLTR,Dollar Tree,2024-08-03,4066,1391,2025-08-02,4567,1570,2026-08-01,4887,2094,369,"in cost of sales; $14m interest in other income"
FIVE,Five Below,2024-08-03,830,272,2025-08-02,1027,342,2026-08-01,1261,612,163.6,"COGS; $5.9m interest separate"
AEO,American Eagle,2024-08-03,1291,499,2025-08-02,1284,500,2026-08-01,1380,672,191.9,"COGS (26 weeks; Q2 per filing)"
WSM,Williams-Sonoma,2024-07-28,1788,804,2025-08-03,1837,865,2026-08-02,1960,1012,167.8,"COGS; $47.5m vendor provision; $10m 401(k); $29.3m deferred to inventory"
ANF,Abercrombie & Fitch,2024-08-03,1134,736,2025-08-02,1209,757,2026-08-01,1267,901,100,"cost of sales"
URBN,Urban Outfitters,2024-07-31,1352,493,2025-07-31,1505,566,2026-07-31,1662,722,95.66,"cost of sales"
LULU,lululemon,2024-07-28,2371,1412,2025-08-03,2525,1477,2026-08-02,2416,1462,134.5,"cost of goods sold"
ASO,Academy Sports,2024-08-03,1549,559,2025-08-02,1600,577,2026-08-01,1647,666,83.7,"COGS; separately paid $72.2m to claim buyer in other expense"
BBWI,Bath & Body Works,2024-08-03,1526,626,2025-08-02,1549,640,2026-08-01,1514,692,80,"COGS, buying and occupancy"
KSS,Kohl's,2024-08-03,3732,1604,2025-08-02,3546,1535,2026-08-01,3515,1622,100,"~$150m received; ~$100m to cost of merchandise sold; rest inventory/vendors/value"
OLLI,Ollie's,2024-08-03,578,219,2025-08-02,680,271,2026-08-01,741,322,28.3,"cost of sales"
M,Macy's,2024-08-03,4937,1999,2025-08-02,4812,1912,2026-08-01,4866,2018,95,"gross tariff refunds ~$95m in gross margin"
BBY,Best Buy,2024-08-03,9288,2186,2025-08-02,9438,2194,2026-08-01,9779,2338,34,"$34m refunded in Q2"
BURL,Burlington,2024-08-03,2461,1053,2025-08-02,2701,1181,2026-08-01,2998,1384,55.5,"$55.5m benefit (six months; filing ties it to gross margin)"
DDS,Dillard's,2024-08-03,1490,560,2025-08-02,1514,555,2026-08-01,1508,598,37.2,"retail gross margin"
