month,imports_usd,implied_tariff_pct,ai_imports_usd,exports_usd,ai_tariff_pct_reported
2024-10,291252066022,2.351219,42755017083,176726263846,
2024-11,271431566638,2.351254,41173115076,174326878368,
2024-12,281586199816,2.337188,44297916788,164558907833,
2025-01,321908039017,2.216066,43337950706,165002115616,
2025-02,292030360397,2.330996,41215694358,167208185789,
2025-03,340669490994,3.718384,51242473581,191446857275,
2025-04,273424981749,7.182632,50827651388,189130596611,
2025-05,272740608068,9.059812,53160792515,184209653448,
2025-06,259200840060,9.287802,53592731498,180538046092,
2025-07,289827628706,9.50474,58853539087,175457024890,
2025-08,256328013145,10.48854,54388896946,179448426481,
2025-09,275544194992,10.534001,53004813987,185184743498,
2025-10,274471414950,10.83609,63479281131,202678773830,
2025-11,257383725152,9.790225,60810615960,181372314311,
2025-12,277691724324,9.340081,69690747130,178214707278,
2026-01,259411163370,9.871644,66501182051,186386441751,
2026-02,250562806403,8.476978,64072598761,195137551228,
2026-03,299166410274,6.848561,78916846338,221393481852,2.6
2026-04,299710324247,6.73939,79834543061,217995876395,2.8
2026-05,305185726019,6.890734,81508126261,208207730180,2.9
2026-06,312484323572,6.813445,87116842095,208151310516,2.8
2026-07,325552185079,6.452031,101755178928,197454137921,2.4
