ticker,quarter_end,revenue_musd,gross_profit_musd
GIII,2023-04-30,607,250
GIII,2023-07-31,660,277
GIII,2023-10-31,1067,433
GIII,2024-01-31,765,282
GIII,2024-04-30,610,259
GIII,2024-07-31,645,276
GIII,2024-10-31,1087,432
GIII,2025-01-31,840,332
GIII,2025-04-30,584,247
GIII,2025-07-31,613,250
GIII,2025-10-31,989,382
GIII,2026-01-31,771,285
GIII,2026-04-30,536,348
GIII,2026-07-31,554,250
TGT,2023-04-29,25322,6936
TGT,2023-07-29,24773,6975
TGT,2023-10-28,25398,7249
TGT,2024-02-03,31919,8424
TGT,2024-05-04,24531,7060
TGT,2024-08-03,25452,7626
TGT,2024-11-02,25668,7266
TGT,2025-02-01,30915,8112
TGT,2025-05-03,23846,6718
TGT,2025-08-02,25211,7308
TGT,2025-11-01,25270,7133
TGT,2026-01-31,30453,8110
TGT,2026-05-02,25443,7382
TGT,2026-08-01,26539,8936
NKE,2023-05-31,12825,5595
NKE,2023-08-31,12939,5720
NKE,2023-11-30,13388,5971
NKE,2024-02-29,12429,5562
NKE,2024-05-31,12606,5634
NKE,2024-08-31,11589,5257
NKE,2024-11-30,12354,5389
NKE,2025-02-28,11269,4675
NKE,2025-05-31,11097,4469
NKE,2025-08-31,11720,4943
NKE,2025-11-30,12427,5045
NKE,2026-02-28,11279,4530
NKE,2026-05-31,10972,5393
GAP,2023-04-29,3276,1214
GAP,2023-07-29,3548,1333
GAP,2023-10-28,3767,1556
GAP,2024-02-03,4298,1672
GAP,2024-05-04,3388,1397
GAP,2024-08-03,3720,1583
GAP,2024-11-02,3829,1635
GAP,2025-02-01,4149,1612
GAP,2025-05-03,3463,1448
GAP,2025-08-02,3725,1536
GAP,2025-11-01,3942,1670
GAP,2026-01-31,4236,1614
GAP,2026-05-02,3497,1417
GAP,2026-08-01,3651,1929
DLTR,2023-04-29,3932,1389
DLTR,2023-07-29,3873,1293
DLTR,2023-10-28,4004,1394
DLTR,2024-02-03,4961,1933
DLTR,2024-05-04,4166,1477
DLTR,2024-08-03,4066,1391
DLTR,2024-11-02,4338,1534
DLTR,2025-02-01,4997,1880
DLTR,2025-05-03,4637,1650
DLTR,2025-08-02,4567,1570
DLTR,2025-11-01,4746,1701
DLTR,2026-01-31,5446,2131
DLTR,2026-05-02,4971,1830
DLTR,2026-08-01,4887,2094
TJX,2023-04-29,11783,3409
TJX,2023-07-29,12758,3848
TJX,2023-10-28,13265,4126
TJX,2024-02-03,16411,4883
TJX,2024-05-04,12479,3740
TJX,2024-08-03,13468,4088
TJX,2024-11-02,14063,4441
TJX,2025-02-01,16350,4979
TJX,2025-05-03,13111,3865
TJX,2025-08-02,14401,4425
TJX,2025-11-01,15117,4927
TJX,2026-01-31,17743,5476
TJX,2026-05-02,14323,4480
TJX,2026-08-01,15180,5072
WSM,2023-04-30,1755,675
WSM,2023-07-30,1863,758
WSM,2023-10-29,1854,822
WSM,2024-01-28,2279,1049
WSM,2024-04-28,1660,795
WSM,2024-07-28,1788,804
WSM,2024-10-27,1801,818
WSM,2025-02-02,2462,1166
WSM,2025-05-04,1730,766
WSM,2025-08-03,1837,865
WSM,2025-11-02,1883,868
WSM,2026-02-01,2357,1105
WSM,2026-05-03,1805,793
WSM,2026-08-02,1960,1012
AEO,2023-04-29,1081,413
AEO,2023-07-29,1201,453
AEO,2023-10-28,1301,544
AEO,2024-02-03,1679,615
AEO,2024-05-04,1144,464
AEO,2024-08-03,1291,499
AEO,2024-11-02,1289,527
AEO,2025-02-01,1605,599
AEO,2025-05-03,1090,322
AEO,2025-08-02,1284,500
AEO,2025-11-01,1363,552
AEO,2026-01-31,1811,651
AEO,2026-05-02,1195,456
AEO,2026-08-01,1380,672
KSS,2023-04-29,3571,1524
KSS,2023-07-29,3895,1653
KSS,2023-10-28,4054,1705
KSS,2024-02-03,5956,2096
KSS,2024-05-04,3382,1459
KSS,2024-08-03,3732,1604
KSS,2024-11-02,3710,1573
KSS,2025-02-01,5397,1924
KSS,2025-05-03,3233,1399
KSS,2025-08-02,3546,1535
KSS,2025-11-01,3575,1516
KSS,2026-01-31,5173,1849
KSS,2026-05-02,3167,1365
KSS,2026-08-01,3515,1622
FIVE,2023-04-29,726,235
FIVE,2023-07-29,759,265
FIVE,2023-10-28,736,223
FIVE,2024-02-03,1338,552
FIVE,2024-05-04,812,264
FIVE,2024-08-03,830,272
FIVE,2024-11-02,844,258
FIVE,2025-02-01,1391,559
FIVE,2025-05-03,971,324
FIVE,2025-08-02,1027,342
FIVE,2025-11-01,1038,351
FIVE,2026-01-31,1728,697
FIVE,2026-05-02,1286,479
FIVE,2026-08-01,1261,612
VFC,2023-04-01,2216,1058
VFC,2023-07-01,2086,1101
VFC,2023-09-30,2920,1490
VFC,2023-12-30,2780,1519
VFC,2024-03-30,2129,1002
VFC,2024-06-29,1769,906
VFC,2024-09-28,2758,1441
VFC,2024-12-28,2834,1595
VFC,2025-03-29,2144,1142
VFC,2025-06-28,1761,949
VFC,2025-09-27,2803,1462
VFC,2025-12-27,2876,1628
VFC,2026-03-28,2166,1222
LULU,2023-04-30,2001,1151
LULU,2023-07-30,2209,1299
LULU,2023-10-29,2204,1257
LULU,2024-01-28,3205,1903
LULU,2024-04-28,2209,1275
LULU,2024-07-28,2371,1412
LULU,2024-10-27,2397,1402
LULU,2025-02-02,3611,2182
LULU,2025-05-04,2371,1383
LULU,2025-08-03,2525,1477
LULU,2025-11-02,2566,1426
LULU,2026-02-01,3641,1998
LULU,2026-05-03,2472,1339
LULU,2026-08-02,2416,1462
FBIN,2023-04-01,1040,408
FBIN,2023-07-01,1164,468
FBIN,2023-09-30,1261,540
FBIN,2023-12-30,1161,495
FBIN,2024-03-30,1110,488
FBIN,2024-06-29,1240,541
FBIN,2024-09-28,1155,530
FBIN,2024-12-28,1104,508
FBIN,2025-03-29,1033,455
FBIN,2025-06-28,1203,543
FBIN,2025-09-27,1149,519
FBIN,2025-12-27,1078,472
FBIN,2026-03-28,1011,436
FBIN,2026-06-27,1154,591
SWK,2023-04-01,3932,836
SWK,2023-07-01,4159,932
SWK,2023-09-30,3954,1061
SWK,2023-12-30,3737,1104
SWK,2024-03-30,3870,1109
SWK,2024-06-29,4024,1141
SWK,2024-09-28,3751,1121
SWK,2024-12-28,3721,1144
SWK,2025-03-29,3745,1121
SWK,2025-06-28,3945,1067
SWK,2025-09-27,3756,1179
SWK,2026-01-03,3685,1222
SWK,2026-04-04,3846,1157
SWK,2026-07-04,3961,1306
TPR,2023-04-01,1510,1098
TPR,2023-07-01,1620,1173
TPR,2023-09-30,1513,1098
TPR,2023-12-30,2085,1493
TPR,2024-03-30,1482,1107
TPR,2024-06-29,1591,1191
TPR,2024-09-28,1508,1135
TPR,2024-12-28,2195,1633
TPR,2025-03-29,1585,1206
TPR,2025-06-28,1723,1315
TPR,2025-09-27,1705,1301
TPR,2025-12-27,2502,1888
TPR,2026-03-28,1921,1477
TPR,2026-06-27,1877,1564
ANF,2023-04-29,836,510
ANF,2023-07-29,935,584
ANF,2023-10-28,1056,686
ANF,2024-02-03,1453,914
ANF,2024-05-04,1021,677
ANF,2024-08-03,1134,736
ANF,2024-11-02,1209,787
ANF,2025-02-01,1585,
ANF,2025-05-03,1097,680
ANF,2025-08-02,1209,757
ANF,2025-11-01,1291,807
ANF,2026-01-31,1670,
ANF,2026-05-02,1114,700
ANF,2026-08-01,1267,901
NWL,2023-06-30,2204,629
NWL,2023-09-30,2048,621
NWL,2023-12-31,2076,621
NWL,2024-03-31,1653,504
NWL,2024-06-30,2033,699
NWL,2024-09-30,1947,679
NWL,2024-12-31,1949,666
NWL,2025-03-31,1566,503
NWL,2025-06-30,1935,685
NWL,2025-09-30,1806,616
NWL,2025-12-31,1897,628
NWL,2026-03-31,1549,513
NWL,2026-06-30,1994,812
DORM,2023-04-01,467,144
DORM,2023-07-01,481,164
DORM,2023-09-30,488,183
DORM,2023-12-31,494,194
DORM,2024-03-30,469,181
DORM,2024-06-29,503,199
DORM,2024-09-28,504,204
DORM,2024-12-31,534,222
DORM,2025-03-29,508,208
DORM,2025-06-28,541,220
DORM,2025-09-27,544,241
DORM,2025-12-31,538,229
DORM,2026-03-28,529,190
DORM,2026-06-27,545,251
URBN,2023-04-30,1114,371
URBN,2023-07-31,1272,456
URBN,2023-10-31,1281,454
URBN,2024-01-31,1486,434
URBN,2024-04-30,1201,408
URBN,2024-07-31,1352,493
URBN,2024-10-31,1362,497
URBN,2025-01-31,1636,528
URBN,2025-04-30,1330,489
URBN,2025-07-31,1505,566
URBN,2025-10-31,1529,563
URBN,2026-01-31,1802,599
URBN,2026-04-30,1481,543
URBN,2026-07-31,1662,722
MAS,2023-06-30,2127,769
MAS,2023-09-30,1979,744
MAS,2023-12-31,1882,654
MAS,2024-03-31,1926,685
MAS,2024-06-30,2091,785
MAS,2024-09-30,1983,725
MAS,2024-12-31,1828,636
MAS,2025-03-31,1801,644
MAS,2025-06-30,2051,772
MAS,2025-09-30,1917,656
MAS,2025-12-31,1793,607
MAS,2026-03-31,1918,686
BBWI,2023-04-29,1396,596
BBWI,2023-07-29,1559,622
BBWI,2023-10-28,1562,682
BBWI,2024-02-03,2912,1336
BBWI,2024-05-04,1384,606
BBWI,2024-08-03,1526,626
BBWI,2024-11-02,1610,700
BBWI,2025-02-01,2787,1302
BBWI,2025-05-03,1424,646
BBWI,2025-08-02,1549,640
BBWI,2025-11-01,1594,658
BBWI,2026-01-31,2724,1245
BBWI,2026-05-02,1378,587
BBWI,2026-08-01,1514,692
ASO,2023-04-29,1384,467
ASO,2023-07-29,1583,563
ASO,2023-10-28,1398,483
ASO,2024-02-03,1795,597
ASO,2024-05-04,1364,456
ASO,2024-08-03,1549,559
ASO,2024-11-02,1343,457
ASO,2025-02-01,1677,540
ASO,2025-05-03,1351,459
ASO,2025-08-02,1600,577
ASO,2025-11-01,1384,493
ASO,2026-01-31,1718,577
ASO,2026-05-02,1442,479
ASO,2026-08-01,1647,666
PII,2023-06-30,2217,505
PII,2023-09-30,2249,509
PII,2023-12-31,2289,477
PII,2024-03-31,1736,330
PII,2024-06-30,1961,424
PII,2024-09-30,1722,355
PII,2024-12-31,1755,358
PII,2025-03-31,1536,245
PII,2025-06-30,1853,359
PII,2025-09-30,1842,380
PII,2025-12-31,1922,384
PII,2026-03-31,1659,335
LOW,2023-05-05,22347,7527
LOW,2023-08-04,24956,8399
LOW,2023-11-03,20471,6891
LOW,2024-02-02,18603,6027
LOW,2024-05-03,21364,7090
LOW,2024-08-02,23586,7895
LOW,2024-11-01,20170,6796
LOW,2025-01-31,18554,6096
LOW,2025-05-02,20930,6986
LOW,2025-08-01,23959,8101
LOW,2025-10-31,20813,7116
LOW,2026-01-30,20584,6682
LOW,2026-05-01,23078,7543
LOW,2026-07-31,25956,8577
COLM,2023-06-30,621,314
COLM,2023-09-30,986,480
COLM,2023-12-31,1060,536
COLM,2024-03-31,770,390
COLM,2024-06-30,570,273
COLM,2024-09-30,932,468
COLM,2024-12-31,1097,561
COLM,2025-03-31,778,396
COLM,2025-06-30,605,297
COLM,2025-09-30,943,472
COLM,2025-12-31,1070,552
COLM,2026-03-31,779,395
COLM,2026-06-30,614,358
GNRC,2023-06-30,1000,328
GNRC,2023-09-30,1071,376
GNRC,2023-12-31,1064,389
GNRC,2024-03-31,889,316
GNRC,2024-06-30,998,376
GNRC,2024-09-30,1174,472
GNRC,2024-12-31,1235,501
GNRC,2025-03-31,942,372
GNRC,2025-06-30,1061,417
GNRC,2025-09-30,1114,427
GNRC,2025-12-31,1092,396
GNRC,2026-03-31,1059,410
GNRC,2026-06-30,1174,522
GEHC,2023-06-30,4817,1940
GEHC,2023-09-30,4822,1935
GEHC,2023-12-31,5206,2156
GEHC,2024-03-31,4650,1902
GEHC,2024-06-30,4839,2002
GEHC,2024-09-30,4863,2026
GEHC,2024-12-31,5320,2275
GEHC,2025-03-31,4777,2012
GEHC,2025-06-30,5007,1985
GEHC,2025-09-30,5143,1990
GEHC,2025-12-31,5698,2261
GEHC,2026-03-31,5131,1977
BAX,2023-06-30,2591,1030
BAX,2023-09-30,2599,1056
BAX,2023-12-31,2729,1100
BAX,2024-03-31,2490,961
BAX,2024-06-30,2694,1031
BAX,2024-09-30,2699,1033
BAX,2024-12-31,2753,959
BAX,2025-03-31,2625,861
BAX,2025-06-30,2810,991
BAX,2025-09-30,2835,950
BAX,2025-12-31,2974,577
BAX,2026-03-31,2701,891
BAX,2026-06-30,2960,1032
ZBRA,2023-04-01,1405,667
ZBRA,2023-07-01,1214,581
ZBRA,2023-09-30,956,427
ZBRA,2023-12-31,1009,448
ZBRA,2024-03-30,1175,563
ZBRA,2024-06-29,1217,589
ZBRA,2024-09-28,1255,613
ZBRA,2024-12-31,1334,648
ZBRA,2025-03-29,1308,645
ZBRA,2025-06-28,1293,616
ZBRA,2025-09-27,1320,634
ZBRA,2025-12-31,1475,698
ZBRA,2026-04-04,1495,742
ZBRA,2026-07-04,1557,825
MTD,2023-06-30,982,584
MTD,2023-09-30,942,560
MTD,2023-12-31,935,552
MTD,2024-03-31,926,548
MTD,2024-06-30,947,566
MTD,2024-09-30,955,572
MTD,2024-12-31,1045,639
MTD,2025-03-31,884,526
MTD,2025-06-30,983,580
MTD,2025-09-30,1030,609
MTD,2025-12-31,1130,675
MTD,2026-03-31,947,556
MTD,2026-06-30,1027,650
CAH,2023-06-30,53421,1784
CAH,2023-09-30,54650,1743
CAH,2023-12-31,57442,1854
CAH,2024-03-31,54868,1935
CAH,2024-06-30,59867,1882
CAH,2024-09-30,52277,1902
CAH,2024-12-31,55264,1941
CAH,2025-03-31,54878,2123
CAH,2025-06-30,60159,2202
CAH,2025-09-30,64009,2319
CAH,2025-12-31,65627,2397
UFPI,2023-04-01,1822,358
UFPI,2023-07-01,2044,400
UFPI,2023-09-30,1828,364
UFPI,2023-12-30,1524,296
UFPI,2024-03-30,1639,326
UFPI,2024-06-29,1902,363
UFPI,2024-09-28,1649,298
UFPI,2024-12-28,1462,240
UFPI,2025-03-29,1596,268
UFPI,2025-06-28,1835,313
UFPI,2025-09-27,1560,263
UFPI,2025-12-27,1330,217
UFPI,2026-03-28,1461,236
UFPI,2026-06-27,1883,290
WMT,2023-04-30,151004,35720
WMT,2023-07-31,160280,38430
WMT,2023-10-31,159439,38256
WMT,2024-01-31,171914,40089
WMT,2024-04-30,159938,38507
WMT,2024-07-31,167767,40957
WMT,2024-10-31,168003,40663
WMT,2025-01-31,178830,42658
WMT,2025-04-30,163981,39678
WMT,2025-07-31,175750,42979
WMT,2025-10-31,177769,43063
WMT,2026-01-31,188913,45298
WMT,2026-04-30,175684,42626
WMT,2026-07-31,186100,47296
HD,2023-04-30,37257,12557
HD,2023-07-30,42916,14157
HD,2023-10-29,37710,12738
HD,2024-01-28,34786,11508
HD,2024-04-28,36418,12433
HD,2024-07-28,43175,14416
HD,2024-10-27,40217,13425
HD,2025-02-02,39704,13034
HD,2025-05-04,39856,13459
HD,2025-08-03,45277,15125
HD,2025-11-02,41352,13815
HD,2026-02-01,38198,12466
HD,2026-05-03,41765,13781
HD,2026-08-02,47861,16115
ROST,2023-04-29,4495,1202
ROST,2023-07-29,4935,1366
ROST,2023-10-28,4925,1361
ROST,2024-02-03,6023,1647
ROST,2024-05-04,4858,1367
ROST,2024-08-03,5288,1496
ROST,2024-11-02,5071,1437
ROST,2025-02-01,5912,1569
ROST,2025-05-03,4985,1404
ROST,2025-08-02,5529,1527
ROST,2025-11-01,5601,1569
ROST,2026-01-31,6635,1804
ROST,2026-05-02,6010,1780
ROST,2026-08-01,6265,2120
M,2023-04-29,4982,1990
M,2023-07-29,5130,1958
M,2023-10-28,4860,1955
M,2024-02-03,8120,2967
M,2024-05-04,4846,1900
M,2024-08-03,4937,1999
M,2024-11-02,4742,1878
M,2025-02-01,7768,2776
M,2025-05-03,4599,1804
M,2025-08-02,4812,1912
M,2025-11-01,4713,1858
M,2026-01-31,7640,2693
M,2026-05-02,4682,1822
M,2026-08-01,4866,2018
BBY,2023-04-29,9467,2150
BBY,2023-07-29,9583,2220
BBY,2023-10-28,9756,2232
BBY,2024-02-03,14646,3001
BBY,2024-05-04,8847,2064
BBY,2024-08-03,9288,2186
BBY,2024-11-02,9445,2217
BBY,2025-02-01,13948,2918
BBY,2025-05-03,8767,2049
BBY,2025-08-02,9438,2194
BBY,2025-11-01,9672,2248
BBY,2026-01-31,13814,2882
BBY,2026-05-02,8936,2102
BBY,2026-08-01,9779,2338
DDS,2023-04-29,1584,693
DDS,2023-07-29,1567,609
DDS,2023-10-28,1476,642
DDS,2024-02-03,2124,778
DDS,2024-05-04,1549,691
DDS,2024-08-03,1490,560
DDS,2024-11-02,1427,608
DDS,2025-02-01,2017,705
DDS,2025-05-03,1529,671
DDS,2025-08-02,1514,555
DDS,2025-11-01,1469,637
DDS,2026-01-31,1962,694
DDS,2026-05-02,1568,698
DDS,2026-08-01,1508,598
OLLI,2023-04-29,459,179
OLLI,2023-07-29,515,197
OLLI,2023-10-28,480,194
OLLI,2024-02-03,649,263
OLLI,2024-05-04,509,209
OLLI,2024-08-03,578,219
OLLI,2024-11-02,517,214
OLLI,2025-02-01,667,272
OLLI,2025-05-03,577,237
OLLI,2025-08-02,680,271
OLLI,2025-11-01,614,254
OLLI,2026-01-31,779,311
OLLI,2026-05-02,659,276
OLLI,2026-08-01,741,322
BURL,2023-04-29,2133,901
BURL,2023-07-29,2170,904
BURL,2023-10-28,2285,987
BURL,2024-02-03,3121,1333
BURL,2024-05-04,2357,1027
BURL,2024-08-03,2461,1053
BURL,2024-11-02,2526,1108
BURL,2025-02-01,3272,1404
BURL,2025-05-03,2500,1095
BURL,2025-08-02,2701,1181
BURL,2025-11-01,2706,1196
BURL,2026-01-31,3643,1590
BURL,2026-05-02,2852,1258
BURL,2026-08-01,2998,1384
