quarter,federal_capital_transfers_paid,nonfin_corporate_received,nonfin_noncorporate_received,households_received,rest_of_world_received,financial_business_received
2024Q1,43804,4003,0,20450,2052,0
2024Q2,42565,327,0,16040,2158,0
2024Q3,58644,15347,3705,22067,3840,387
2024Q4,65980,9937,5193,28095,1814,784
2025Q1,41940,8817,7624,30446,2044,421
2025Q2,33316,1277,0,3756,2025,0
2025Q3,33620,928,0,4476,1372,0
2025Q4,35544,632,85,5634,3155,26
2026Q1,201980,141487,24750,4769,3195,0
2026Q2,33189,421,0,4769,1213,0
